Date 	Value
May 1, 2019 	2,932.47
Apr 1, 2019 	2,903.80
Mar 1, 2019 	2,818.83
Feb 1, 2019 	2,785.07
Jan 1, 2019 	2,647.13
Dec 1, 2018 	2,611.40
Nov 1, 2018 	2,761.16
Oct 1, 2018 	2,814.79
Sep 1, 2018 	2,937.23
Aug 1, 2018 	2,896.38
Jul 1, 2018 	2,832.91
Jun 1, 2018 	2,793.25
May 1, 2018 	2,744.01
Apr 1, 2018 	2,706.61
Mar 1, 2018 	2,767.69
Feb 1, 2018 	2,776.40
Jan 1, 2018 	2,876.25
Dec 1, 2017 	2,761.87
Nov 1, 2017 	2,686.97
Oct 1, 2017 	2,649.11
Sep 1, 2017 	2,581.00
Aug 1, 2017 	2,556.55
Jul 1, 2017 	2,561.99
Jun 1, 2017 	2,539.25
May 1, 2017 	2,501.20
Apr 1, 2017 	2,465.68
Mar 1, 2017 	2,480.86
Feb 1, 2017 	2,444.16
Jan 1, 2017 	2,394.19
Dec 1, 2016 	2,377.99
Nov 1, 2016 	2,292.32
Oct 1, 2016 	2,265.53
Sep 1, 2016 	2,283.88
Aug 1, 2016 	2,303.44
Jul 1, 2016 	2,282.14
Jun 1, 2016 	2,209.52
May 1, 2016 	2,197.27
Apr 1, 2016 	2,216.83
Mar 1, 2016 	2,169.83
Feb 1, 2016 	2,052.50
Jan 1, 2016 	2,069.49
Dec 1, 2015 	2,219.28
Nov 1, 2015 	2,240.28
Oct 1, 2015 	2,175.58
Sep 1, 2015 	2,088.26
Aug 1, 2015 	2,187.37
Jul 1, 2015 	2,242.38
Jun 1, 2015 	2,248.05
May 1, 2015 	2,269.52
Apr 1, 2015 	2,262.64
Mar 1, 2015 	2,251.14
Feb 1, 2015 	2,266.95
Jan 1, 2015 	2,217.72
Dec 1, 2014 	2,235.68
Nov 1, 2014 	2,212.51
Oct 1, 2014 	2,085.07
Sep 1, 2014 	2,139.91
Aug 1, 2014 	2,107.47
Jul 1, 2014 	2,116.36
Jun 1, 2014 	2,087.64
May 1, 2014 	2,029.96
Apr 1, 2014 	2,009.55
Mar 1, 2014 	2,015.37
Feb 1, 2014 	1,977.76
Jan 1, 2014 	1,990.89
Dec 1, 2013 	1,982.31
Nov 1, 2013 	1,955.56
Oct 1, 2013 	1,882.07
Sep 1, 2013 	1,841.36
Aug 1, 2013 	1,824.84
Jul 1, 2013 	1,825.49
Jun 1, 2013 	1,771.59
May 1, 2013 	1,798.96
Apr 1, 2013 	1,726.18
Mar 1, 2013 	1,702.57
Feb 1, 2013 	1,664.62
Jan 1, 2013 	1,642.84
Dec 1, 2012 	1,583.02
Nov 1, 2012 	1,547.92
Oct 1, 2012 	1,588.44
Sep 1, 2012 	1,594.00
Aug 1, 2012 	1,556.78
Jul 1, 2012 	1,516.73
Jun 1, 2012 	1,473.83
May 1, 2012 	1,491.46
Apr 1, 2012 	1,539.86
Mar 1, 2012 	1,547.65
Feb 1, 2012 	1,518.15
Jan 1, 2012 	1,466.31
Dec 1, 2011 	1,407.92
Nov 1, 2011 	1,385.36
Oct 1, 2011 	1,362.52
Sep 1, 2011 	1,322.16
Aug 1, 2011 	1,337.06
Jul 1, 2011 	1,498.97
Jun 1, 2011 	1,457.39
May 1, 2011 	1,513.53
Apr 1, 2011 	1,512.92
Mar 1, 2011 	1,491.76
Feb 1, 2011 	1,525.51
Jan 1, 2011 	1,488.36
Dec 1, 2010 	1,447.54
Nov 1, 2010 	1,400.23
Oct 1, 2010 	1,368.91
Sep 1, 2010 	1,312.70
Aug 1, 2010 	1,272.73
Jul 1, 2010 	1,265.72
Jun 1, 2010 	1,270.16
May 1, 2010 	1,317.76
Apr 1, 2010 	1,403.49
Mar 1, 2010 	1,352.77
Feb 1, 2010 	1,284.17
Jan 1, 2010 	1,325.08
Dec 1, 2009 	1,313.99
Nov 1, 2009 	1,285.32
Oct 1, 2009 	1,262.11
Sep 1, 2009 	1,235.98
Aug 1, 2009 	1,195.52
Jul 1, 2009 	1,110.50
Jun 1, 2009 	1,097.25
May 1, 2009 	1,078.34
Apr 1, 2009 	1,016.43
Mar 1, 2009 	909.61
Feb 1, 2009 	969.75
Jan 1, 2009 	1,047.62
Dec 1, 2008 	1,066.74
Nov 1, 2008 	1,062.30
Oct 1, 2008 	1,143.15
Sep 1, 2008 	1,421.45
Aug 1, 2008 	1,494.74
Jul 1, 2008 	1,460.73
Jun 1, 2008 	1,566.41
May 1, 2008 	1,655.30
Apr 1, 2008 	1,630.28
Mar 1, 2008 	1,576.10
Feb 1, 2008 	1,635.55
Jan 1, 2008 	1,669.22
Dec 1, 2007 	1,799.75
Nov 1, 2007 	1,779.29
Oct 1, 2007 	1,883.15
Sep 1, 2007 	1,835.03
Aug 1, 2007 	1,787.85
Jul 1, 2007 	1,865.66
Jun 1, 2007 	1,857.19
May 1, 2007 	1,857.04
Apr 1, 2007 	1,809.65
Mar 1, 2007 	1,750.86
Feb 1, 2007 	1,814.34
Jan 1, 2007 	1,797.99
Dec 1, 2006 	1,793.67
Nov 1, 2006 	1,761.11
Oct 1, 2006 	1,726.51
Sep 1, 2006 	1,659.66
Aug 1, 2006 	1,613.19
Jul 1, 2006 	1,582.56
Jun 1, 2006 	1,578.34
May 1, 2006 	1,627.95
Apr 1, 2006 	1,651.45
Mar 1, 2006 	1,654.72
Feb 1, 2006 	1,641.90
Jan 1, 2006 	1,647.89
Dec 1, 2005 	1,638.82
Nov 1, 2005 	1,600.24
Oct 1, 2005 	1,529.13
Sep 1, 2005 	1,575.86
Aug 1, 2005 	1,592.97
Jul 1, 2005 	1,598.47
Jun 1, 2005 	1,579.60
May 1, 2005 	1,548.90
Apr 1, 2005 	1,529.13
Mar 1, 2005 	1,579.69
Feb 1, 2005 	1,598.35
Jan 1, 2005 	1,583.15
Dec 1, 2004 	1,610.38
Nov 1, 2004 	1,563.98
Oct 1, 2004 	1,495.55
Sep 1, 2004 	1,504.03
Aug 1, 2004 	1,468.48
Jul 1, 2004 	1,492.07
Jun 1, 2004 	1,525.96
May 1, 2004 	1,490.29
Apr 1, 2004 	1,540.57
Mar 1, 2004 	1,532.72
Feb 1, 2004 	1,569.19
Jan 1, 2004 	1,562.71
Dec 1, 2003 	1,498.40
Nov 1, 2003 	1,454.20
Oct 1, 2003 	1,434.84
Sep 1, 2003 	1,406.67
Aug 1, 2003 	1,369.84
Jul 1, 2003 	1,379.24
Jun 1, 2003 	1,374.42
May 1, 2003 	1,303.45
Apr 1, 2003 	1,237.46
Mar 1, 2003 	1,174.56
Feb 1, 2003 	1,168.22
Jan 1, 2003 	1,259.93
Dec 1, 2002 	1,270.22
Nov 1, 2002 	1,282.57
Oct 1, 2002 	1,204.63
Sep 1, 2002 	1,225.23
Aug 1, 2002 	1,290.54
Jul 1, 2002 	1,282.12
Jun 1, 2002 	1,440.42
May 1, 2002 	1,533.93
Apr 1, 2002 	1,580.38
Mar 1, 2002 	1,649.04
Feb 1, 2002 	1,581.97
Jan 1, 2002 	1,645.28
Dec 1, 2001 	1,655.83
Nov 1, 2001 	1,627.33
Oct 1, 2001 	1,548.23
Sep 1, 2001 	1,497.23
Aug 1, 2001 	1,696.69
Jul 1, 2001 	1,734.06
Jun 1, 2001 	1,778.37
May 1, 2001 	1,826.90
Apr 1, 2001 	1,718.83
Mar 1, 2001 	1,719.87
Feb 1, 2001 	1,898.08
Jan 1, 2001 	1,949.27
Dec 1, 2000 	1,954.69
Nov 1, 2000 	2,022.72
Oct 1, 2000 	2,041.65
Sep 1, 2000 	2,159.80
Aug 1, 2000 	2,196.80
Jul 1, 2000 	2,178.37
Jun 1, 2000 	2,167.06
May 1, 2000 	2,113.64
Apr 1, 2000 	2,180.08
Mar 1, 2000 	2,152.77
Feb 1, 2000 	2,090.24
Jan 1, 2000 	2,158.21
Dec 1, 1999 	2,169.32
Nov 1, 1999 	2,112.10
Oct 1, 1999 	1,975.12
Sep 1, 1999 	2,006.29
Aug 1, 1999 	2,030.15
Jul 1, 1999 	2,117.03
Jun 1, 1999 	2,033.54
May 1, 1999 	2,048.18
Apr 1, 1999 	2,052.32
Mar 1, 1999 	1,985.00
Feb 1, 1999 	1,936.54
Jan 1, 1999 	1,942.30
Dec 1, 1998 	1,855.49
Nov 1, 1998 	1,783.27
Oct 1, 1998 	1,608.81
Sep 1, 1998 	1,594.27
Aug 1, 1998 	1,680.64
Jul 1, 1998 	1,811.04
Jun 1, 1998 	1,737.71
May 1, 1998 	1,739.89
Apr 1, 1998 	1,749.05
Mar 1, 1998 	1,696.56
Feb 1, 1998 	1,615.90
Jan 1, 1998 	1,523.42
Dec 1, 1997 	1,524.69
Nov 1, 1997 	1,485.69
Oct 1, 1997 	1,504.13
Sep 1, 1997 	1,485.44
Aug 1, 1997 	1,473.60
Jul 1, 1997 	1,473.25
Jun 1, 1997 	1,396.97
May 1, 1997 	1,329.76
Apr 1, 1997 	1,218.61
Mar 1, 1997 	1,265.22
Feb 1, 1997 	1,278.36
Jan 1, 1997 	1,230.71
Dec 1, 1996 	1,197.58
Nov 1, 1996 	1,185.37
Oct 1, 1996 	1,132.39
Sep 1, 1996 	1,092.93
Aug 1, 1996 	1,076.58
Jul 1, 1996 	1,048.35
Jun 1, 1996 	1,090.20
May 1, 1996 	1,079.03
Apr 1, 1996 	1,058.11
Mar 1, 1996 	1,062.03
Feb 1, 1996 	1,071.59
Jan 1, 1996 	1,016.93
Dec 1, 1995 	1,023.14
Nov 1, 1995 	990.80
Oct 1, 1995 	969.19
Sep 1, 1995 	965.43
Aug 1, 1995 	934.46
Jul 1, 1995 	934.00
Jun 1, 1995 	903.80
May 1, 1995 	879.49
Apr 1, 1995 	854.48
Mar 1, 1995 	832.39
Feb 1, 1995 	816.13
Jan 1, 1995 	791.04
Dec 1, 1994 	777.04
Nov 1, 1994 	786.98
Oct 1, 1994 	792.81
Sep 1, 1994 	798.73
Aug 1, 1994 	796.21
Jul 1, 1994 	777.32
Jun 1, 1994 	785.34
May 1, 1994 	781.20
Apr 1, 1994 	775.36
Mar 1, 1994 	805.20
Feb 1, 1994 	821.48
Jan 1, 1994 	826.76
Dec 1, 1993 	816.68
Nov 1, 1993 	811.32
Oct 1, 1993 	813.65
Sep 1, 1993 	808.81
Aug 1, 1993 	801.46
Jul 1, 1993 	791.58
Jun 1, 1993 	792.94
May 1, 1993 	789.06
Apr 1, 1993 	786.31
Mar 1, 1993 	801.10
Feb 1, 1993 	788.79
Jan 1, 1993 	779.96
Dec 1, 1992 	784.54
Nov 1, 1992 	760.96
Oct 1, 1992 	743.40
Sep 1, 1992 	756.84
Aug 1, 1992 	757.99
Jul 1, 1992 	754.91
Jun 1, 1992 	744.17
May 1, 1992 	758.80
Apr 1, 1992 	746.33
Mar 1, 1992 	747.31
Feb 1, 1992 	760.67
Jan 1, 1992 	769.94
Dec 1, 1991 	719.96
Nov 1, 1991 	715.68
Oct 1, 1991 	719.55
Sep 1, 1991 	721.20
Aug 1, 1991 	728.48
Jul 1, 1991 	713.41
Jun 1, 1991 	710.82
May 1, 1991 	712.35
Apr 1, 1991 	717.65
Mar 1, 1991 	704.71
Feb 1, 1991 	686.76
Jan 1, 1991 	617.97
Dec 1, 1990 	627.89
Nov 1, 1990 	602.18
Oct 1, 1990 	587.89
Sep 1, 1990 	607.40
Aug 1, 1990 	642.27
Jul 1, 1990 	705.56
Jun 1, 1990 	708.98
May 1, 1990 	692.77
Apr 1, 1990 	670.45
Mar 1, 1990 	672.05
Feb 1, 1990 	659.73
Jan 1, 1990 	681.94
Dec 1, 1989 	706.46
Nov 1, 1989 	690.53
Oct 1, 1989 	706.83
Sep 1, 1989 	710.01
Aug 1, 1989 	710.86
Jul 1, 1989 	681.80
Jun 1, 1989 	666.57
May 1, 1989 	647.95
Apr 1, 1989 	627.56
Mar 1, 1989 	611.60
Feb 1, 1989 	617.85
Jan 1, 1989 	602.26
Dec 1, 1988 	586.38
Nov 1, 1988 	575.67
Oct 1, 1988 	589.76
Sep 1, 1988 	571.68
Aug 1, 1988 	566.29
Jul 1, 1988 	580.32
Jun 1, 1988 	586.24
May 1, 1988 	556.99
Apr 1, 1988 	573.07
Mar 1, 1988 	582.82
Feb 1, 1988 	568.59
Jan 1, 1988 	553.28
Dec 1, 1987 	533.68
Nov 1, 1987 	542.54
Oct 1, 1987 	621.03
Sep 1, 1987 	708.20
Aug 1, 1987 	735.82
Jul 1, 1987 	696.36
Jun 1, 1987 	678.61
May 1, 1987 	653.22
Apr 1, 1987 	655.99
Mar 1, 1987 	666.80
Feb 1, 1987 	643.22
Jan 1, 1987 	607.85
Dec 1, 1986 	574.93
Nov 1, 1986 	567.34
Oct 1, 1986 	550.02
Sep 1, 1986 	552.61
Aug 1, 1986 	570.73
Jul 1, 1986 	560.57
Jun 1, 1986 	572.47
May 1, 1986 	559.67
Apr 1, 1986 	560.04
Mar 1, 1986 	545.62
Feb 1, 1986 	512.97
Jan 1, 1986 	485.45
Dec 1, 1985 	484.68
Nov 1, 1985 	463.03
Oct 1, 1985 	437.75
Sep 1, 1985 	434.41
Aug 1, 1985 	445.55
Jul 1, 1985 	456.34
Jun 1, 1985 	448.63
May 1, 1985 	440.36
Apr 1, 1985 	431.73
Mar 1, 1985 	430.88
Feb 1, 1985 	436.12
Jan 1, 1985 	415.66
Dec 1, 1984 	399.22
Nov 1, 1984 	403.59
Oct 1, 1984 	399.95
Sep 1, 1984 	404.25
Aug 1, 1984 	402.03
Jul 1, 1984 	370.93
Jun 1, 1984 	377.28
May 1, 1984 	387.03
Apr 1, 1984 	390.63
Mar 1, 1984 	392.04
Feb 1, 1984 	392.56
Jan 1, 1984 	417.30
Dec 1, 1983 	414.73
Nov 1, 1983 	417.16
Oct 1, 1983 	424.31
Sep 1, 1983 	424.31
Aug 1, 1983 	414.18
Jul 1, 1983 	427.19
Jun 1, 1983 	427.37
May 1, 1983 	422.74
Apr 1, 1983 	408.72
Mar 1, 1983 	396.50
Feb 1, 1983 	383.19
Jan 1, 1983 	377.05
Dec 1, 1982 	364.99
Nov 1, 1982 	360.11
Oct 1, 1982 	345.33
Sep 1, 1982 	319.50
Aug 1, 1982 	286.94
Jul 1, 1982 	286.74
Jun 1, 1982 	289.01
May 1, 1982 	310.50
Apr 1, 1982 	313.17
Mar 1, 1982 	299.63
Feb 1, 1982 	309.30
Jan 1, 1982 	317.88
Dec 1, 1981 	336.56
Nov 1, 1981 	335.19
Oct 1, 1981 	327.78
Sep 1, 1981 	324.37
Aug 1, 1981 	358.82
Jul 1, 1981 	360.17
Jun 1, 1981 	373.17
May 1, 1981 	374.78
Apr 1, 1981 	385.47
Mar 1, 1981 	384.62
Feb 1, 1981 	373.29
Jan 1, 1981 	390.67
Dec 1, 1980 	395.31
Nov 1, 1980 	405.59
Oct 1, 1980 	392.36
Sep 1, 1980 	384.84
Aug 1, 1980 	378.87
Jul 1, 1980 	370.19
Jun 1, 1980 	354.12
May 1, 1980 	336.46
Apr 1, 1980 	324.96
Mar 1, 1980 	334.03
Feb 1, 1980 	373.44
Jan 1, 1980 	364.27
Dec 1, 1979 	359.17
Nov 1, 1979 	349.15
Oct 1, 1979 	355.12
Sep 1, 1979 	372.02
Aug 1, 1979 	371.90
Jul 1, 1979 	359.03
Jun 1, 1979 	359.46
May 1, 1979 	356.44
Apr 1, 1979 	369.57
Mar 1, 1979 	366.48
Feb 1, 1979 	363.28
Jan 1, 1979 	373.07
Dec 1, 1978 	362.79
Nov 1, 1978 	359.09
Oct 1, 1978 	383.13
Sep 1, 1978 	399.27
Aug 1, 1978 	402.29
Jul 1, 1978 	378.03
Jun 1, 1978 	382.77
May 1, 1978 	385.94
Apr 1, 1978 	370.76
Mar 1, 1978 	358.01
Feb 1, 1978 	361.50
Jan 1, 1978 	369.01
Dec 1, 1977 	386.08
Nov 1, 1977 	389.23
Oct 1, 1977 	388.88
Sep 1, 1977 	400.51
Aug 1, 1977 	408.17
Jul 1, 1977 	419.77
Jun 1, 1977 	418.01
May 1, 1977 	418.54
Apr 1, 1977 	421.87
Mar 1, 1977 	432.07
Feb 1, 1977 	436.72
Jan 1, 1977 	453.43
Dec 1, 1976 	459.72
Nov 1, 1976 	445.89
Oct 1, 1976 	449.75
Sep 1, 1976 	468.06
Aug 1, 1976 	459.90
Jul 1, 1976 	466.34
Jun 1, 1976 	458.01
May 1, 1976 	457.72
Apr 1, 1976 	464.18
Mar 1, 1976 	462.18
Feb 1, 1976 	460.72
Jan 1, 1976 	445.19
Dec 1, 1975 	408.42
Nov 1, 1975 	416.22
Oct 1, 1975 	412.27
Sep 1, 1975 	396.29
Aug 1, 1975 	403.37
Jul 1, 1975 	436.08
Jun 1, 1975 	440.53
May 1, 1975 	432.80
Apr 1, 1975 	409.26
Mar 1, 1975 	406.26
Feb 1, 1975 	389.89
Jan 1, 1975 	355.90
Dec 1, 1974 	330.24
Nov 1, 1974 	355.98
Oct 1, 1974 	347.27
Sep 1, 1974 	344.03
Aug 1, 1974 	388.59
Jul 1, 1974 	410.27
Jun 1, 1974 	468.28
May 1, 1974 	471.50
Apr 1, 1974 	492.25
Mar 1, 1974 	520.93
Feb 1, 1974 	505.95
Jan 1, 1974 	527.05
Dec 1, 1973 	524.26
Nov 1, 1973 	567.88
Oct 1, 1973 	615.33
Sep 1, 1973 	597.03
Aug 1, 1973 	588.16
Jul 1, 1973 	610.32
Jun 1, 1973 	605.91
May 1, 1973 	624.03
Apr 1, 1973 	646.49
Mar 1, 1973 	663.36
Feb 1, 1973 	680.27
Jan 1, 1973 	710.26
Dec 1, 1972 	706.52
Nov 1, 1972 	693.72
Oct 1, 1972 	662.13
Sep 1, 1972 	664.06
Aug 1, 1972 	675.38
Jul 1, 1972 	653.81
Jun 1, 1972 	661.85
May 1, 1972 	661.60
Apr 1, 1972 	669.97
Mar 1, 1972 	664.80
Feb 1, 1972 	650.94
Jan 1, 1972 	642.29
Dec 1, 1971 	616.61
Nov 1, 1971 	579.70
Oct 1, 1971 	607.88
Sep 1, 1971 	622.59
Aug 1, 1971 	609.06
Jul 1, 1971 	621.60
Jun 1, 1971 	627.67
May 1, 1971 	644.26
Apr 1, 1971 	656.40
Mar 1, 1971 	636.31
Feb 1, 1971 	621.96
Jan 1, 1971 	600.28
Dec 1, 1970 	578.19
Nov 1, 1970 	543.88
Oct 1, 1970 	547.22
Sep 1, 1970 	538.35
Aug 1, 1970 	510.57
Jul 1, 1970 	496.16
Jun 1, 1970 	497.86
May 1, 1970 	503.55
Apr 1, 1970 	570.50
Mar 1, 1970 	593.05
Feb 1, 1970 	586.15
Jan 1, 1970 	610.54
Dec 1, 1969 	617.59
Nov 1, 1969 	655.63
Oct 1, 1969 	654.42
Sep 1, 1969 	650.99
Aug 1, 1969 	650.47
Jul 1, 1969 	657.69
Jun 1, 1969 	692.21
May 1, 1969 	734.35
Apr 1, 1969 	713.14
Mar 1, 1969 	702.93
Feb 1, 1969 	724.53
Jan 1, 1969 	732.19
Dec 1, 1968 	766.64
Nov 1, 1968 	760.87
Oct 1, 1968 	751.44
Sep 1, 1968 	737.52
Aug 1, 1968 	716.34
Jul 1, 1968 	734.43
Jun 1, 1968 	740.13
May 1, 1968 	724.94
Apr 1, 1968 	710.71
Mar 1, 1968 	663.75
Feb 1, 1968 	678.10
Jan 1, 1968 	712.24
Dec 1, 1967 	718.40
Nov 1, 1967 	700.56
Oct 1, 1967 	725.39
Sep 1, 1967 	728.69
Aug 1, 1967 	720.80
Jul 1, 1967 	711.63
Jun 1, 1967 	701.64
May 1, 1967 	712.69
Apr 1, 1967 	702.26
Mar 1, 1967 	692.46
Feb 1, 1967 	678.56
Jan 1, 1967 	655.96
Dec 1, 1966 	631.72
Nov 1, 1966 	629.08
Oct 1, 1966 	599.10
Sep 1, 1966 	608.08
Aug 1, 1966 	630.27
Jul 1, 1966 	674.96
Jun 1, 1966 	678.78
May 1, 1966 	686.58
Apr 1, 1966 	724.71
Mar 1, 1966 	707.57
Feb 1, 1966 	740.21
Jan 1, 1966 	749.93
Dec 1, 1965 	737.15
Nov 1, 1965 	742.86
Oct 1, 1965 	736.74
Sep 1, 1965 	722.81
Aug 1, 1965 	699.44
Jul 1, 1965 	686.66
Jun 1, 1965 	687.72
May 1, 1965 	726.60
Apr 1, 1965 	715.94
Mar 1, 1965 	708.92
Feb 1, 1965 	710.54
Jan 1, 1965 	705.38
Dec 1, 1964 	687.69
Nov 1, 1964 	699.81
Oct 1, 1964 	697.21
Sep 1, 1964 	685.38
Aug 1, 1964 	675.97
Jul 1, 1964 	683.82
Jun 1, 1964 	661.46
May 1, 1964 	667.57
Apr 1, 1964 	661.12
Mar 1, 1964 	651.69
Feb 1, 1964 	640.03
Jan 1, 1964 	632.25
Dec 1, 1963 	613.40
Nov 1, 1963 	602.53
Oct 1, 1963 	605.93
Sep 1, 1963 	606.41
Aug 1, 1963 	590.84
Jul 1, 1963 	574.94
Jun 1, 1963 	585.51
May 1, 1963 	587.68
Apr 1, 1963 	576.11
Mar 1, 1963 	550.22
Feb 1, 1963 	554.14
Jan 1, 1963 	546.91
Dec 1, 1962 	526.56
Nov 1, 1962 	504.71
Oct 1, 1962 	472.18
Sep 1, 1962 	487.56
Aug 1, 1962 	493.55
Jul 1, 1962 	480.48
Jun 1, 1962 	470.73
May 1, 1962 	533.01
Apr 1, 1962 	575.83
Mar 1, 1962 	596.76
Feb 1, 1962 	596.17
Jan 1, 1962 	588.36
Dec 1, 1961 	611.10
Nov 1, 1961 	605.48
Oct 1, 1961 	579.24
Sep 1, 1961 	572.94
Aug 1, 1961 	579.38
Jul 1, 1961 	557.44
Jun 1, 1961 	562.72
May 1, 1961 	570.27
Apr 1, 1961 	564.52
Mar 1, 1961 	549.86
Feb 1, 1961 	533.13
Jan 1, 1961 	512.13
Dec 1, 1960 	487.08
Nov 1, 1960 	475.68
Oct 1, 1960 	460.76
Sep 1, 1960 	473.20
Aug 1, 1960 	487.87
Jul 1, 1960 	482.09
Jun 1, 1960 	494.35
May 1, 1960 	478.35
Apr 1, 1960 	482.77
Mar 1, 1960 	478.24
Feb 1, 1960 	484.85
Jan 1, 1960 	506.12
Dec 1, 1959 	513.36
Nov 1, 1959 	497.45
Oct 1, 1959 	495.45
Sep 1, 1959 	497.58
Aug 1, 1959 	519.85
Jul 1, 1959 	522.82
Jun 1, 1959 	504.60
May 1, 1959 	510.74
Apr 1, 1959 	503.17
Mar 1, 1959 	496.59
Feb 1, 1959 	484.30
Jan 1, 1959 	490.12
Dec 1, 1958 	472.98
Nov 1, 1958 	462.63
Oct 1, 1958 	450.52
Sep 1, 1958 	432.93
Aug 1, 1958 	421.79
Jul 1, 1958 	405.18
Jun 1, 1958 	395.70
May 1, 1958 	386.42
Apr 1, 1958 	374.39
Mar 1, 1958 	373.65
Feb 1, 1958 	368.67
Jan 1, 1958 	367.42
Dec 1, 1957 	362.90
Nov 1, 1957 	363.08
Oct 1, 1957 	372.40
Sep 1, 1957 	397.14
Aug 1, 1957 	413.93
Jul 1, 1957 	438.04
Jun 1, 1957 	432.43
May 1, 1957 	426.95
Apr 1, 1957 	412.63
Mar 1, 1957 	404.74
Feb 1, 1957 	401.04
Jan 1, 1957 	420.64
Dec 1, 1956 	429.99
Nov 1, 1956 	425.23
Oct 1, 1956 	429.69
Sep 1, 1956 	436.86
Aug 1, 1956 	453.90
Jul 1, 1956 	454.95
Jun 1, 1956 	434.71
May 1, 1956 	440.49
Apr 1, 1956 	456.47
Mar 1, 1956 	452.83
Feb 1, 1956 	423.66
Jan 1, 1956 	420.99
Dec 1, 1955 	432.62
Nov 1, 1955 	427.02
Oct 1, 1955 	400.04
Sep 1, 1955 	421.23
Aug 1, 1955 	404.59
Jul 1, 1955 	407.07
Jun 1, 1955 	380.74
May 1, 1955 	359.87
Apr 1, 1955 	361.40
Mar 1, 1955 	349.34
Feb 1, 1955 	352.12
Jan 1, 1955 	340.73
Dec 1, 1954 	334.70
Nov 1, 1954 	318.86
Oct 1, 1954 	306.85
Sep 1, 1954 	299.89
Aug 1, 1954 	291.93
Jul 1, 1954 	286.23
Jun 1, 1954 	275.12
May 1, 1954 	272.93
Apr 1, 1954 	263.46
Mar 1, 1954 	252.41
Feb 1, 1954 	247.19
Jan 1, 1954 	241.87
Dec 1, 1953 	235.88
Nov 1, 1953 	232.75
Oct 1, 1953 	226.87
Sep 1, 1953 	221.06
Aug 1, 1953 	231.70
Jul 1, 1953 	231.61
Jun 1, 1953 	228.37
May 1, 1953 	237.75
Apr 1, 1953 	237.39
Mar 1, 1953 	249.69
Feb 1, 1953 	249.38
Jan 1, 1953 	251.51
Dec 1, 1952 	249.23
Nov 1, 1952 	239.56
Oct 1, 1952 	232.19
Sep 1, 1952 	237.17
Aug 1, 1952 	241.00
Jul 1, 1952 	240.04
Jun 1, 1952 	235.10
May 1, 1952 	229.70
Apr 1, 1952 	229.80
Mar 1, 1952 	231.35
Feb 1, 1952 	230.77
Jan 1, 1952 	233.27
Dec 1, 1951 	225.75
Nov 1, 1951 	219.83
Oct 1, 1951 	227.85
Sep 1, 1951 	229.90
Aug 1, 1951 	225.85
Jul 1, 1951 	216.38
Jun 1, 1951 	212.63
May 1, 1951 	216.38
Apr 1, 1951 	217.12
Mar 1, 1951 	214.24
Feb 1, 1951 	218.76
Jan 1, 1951 	213.39
Dec 1, 1950 	201.88
Nov 1, 1950 	205.16
Oct 1, 1950 	206.41
Sep 1, 1950 	199.83
Aug 1, 1950 	193.82
Jul 1, 1950 	184.29
Jun 1, 1950 	201.22
May 1, 1950 	198.83
Apr 1, 1950 	193.18
Mar 1, 1950 	187.87
Feb 1, 1950 	187.15
Jan 1, 1950 	183.56
Dec 1, 1949 	179.10
Nov 1, 1949 	172.98
Oct 1, 1949 	171.34
Sep 1, 1949 	165.63
Aug 1, 1949 	164.17
Jul 1, 1949 	159.15
Jun 1, 1949 	149.37
May 1, 1949 	158.70
Apr 1, 1949 	159.21
Mar 1, 1949 	160.09
Feb 1, 1949 	158.59
Jan 1, 1949 	163.55
Dec 1, 1948 	161.07
Nov 1, 1948 	161.46
Oct 1, 1948 	169.56
Sep 1, 1948 	164.39
Aug 1, 1948 	166.26
Jul 1, 1948 	171.97
Jun 1, 1948 	178.35
May 1, 1948 	172.68
Apr 1, 1948 	165.35
Mar 1, 1948 	156.17
Feb 1, 1948 	153.33
Jan 1, 1948 	159.91
Dec 1, 1947 	164.14
Nov 1, 1947 	168.93
Oct 1, 1947 	171.66
Sep 1, 1947 	167.33
Aug 1, 1947 	175.59
Jul 1, 1947 	181.53
Jun 1, 1947 	172.38
May 1, 1947 	167.33
Apr 1, 1947 	170.37
Mar 1, 1947 	176.90
Feb 1, 1947 	187.80
Jan 1, 1947 	180.79
Dec 1, 1946 	179.83
Nov 1, 1946 	176.24
Oct 1, 1946 	181.22
Sep 1, 1946 	189.03
Aug 1, 1946 	223.92
Jul 1, 1946 	232.96
Jun 1, 1946 	253.91
May 1, 1946 	258.31
Apr 1, 1946 	259.16
Mar 1, 1946 	244.80
Feb 1, 1946 	255.12
Jan 1, 1946 	253.02
Dec 1, 1945 	243.33
Nov 1, 1945 	240.58
Oct 1, 1945 	232.96
Sep 1, 1945 	223.64
Aug 1, 1945 	209.38
Jul 1, 1945 	208.67
Jun 1, 1945 	213.05
May 1, 1945 	211.58
Apr 1, 1945 	205.01
Mar 1, 1945 	199.99
Feb 1, 1945 	200.13
Jan 1, 1945 	193.67
Dec 1, 1944 	188.07
Nov 1, 1944 	185.09
Oct 1, 1944 	186.39
Sep 1, 1944 	181.92
Aug 1, 1944 	184.95
Jul 1, 1944 	187.69
Jun 1, 1944 	183.97
May 1, 1944 	176.69
Apr 1, 1944 	173.63
Mar 1, 1944 	177.71
Feb 1, 1944 	172.86
Jan 1, 1944 	174.04
Dec 1, 1943 	168.60
Nov 1, 1943 	166.40
Oct 1, 1943 	174.48
Sep 1, 1943 	176.09
Aug 1, 1943 	173.42
Jul 1, 1943 	181.38
Jun 1, 1943 	176.69
May 1, 1943 	173.63
Apr 1, 1943 	168.02
Mar 1, 1943 	164.47
Feb 1, 1943 	161.65
Jan 1, 1943 	152.57
Dec 1, 1942 	143.95
Nov 1, 1942 	144.05
Oct 1, 1942 	142.62
Sep 1, 1942 	134.43
Aug 1, 1942 	133.04
Jul 1, 1942 	134.63
Jun 1, 1942 	130.60
May 1, 1942 	124.32
Apr 1, 1942 	124.44
Mar 1, 1942 	130.65
Feb 1, 1942 	139.90
Jan 1, 1942 	145.35
Dec 1, 1941 	144.43
Nov 1, 1941 	155.49
Oct 1, 1941 	164.19
Sep 1, 1941 	173.30
Aug 1, 1941 	175.11
Jul 1, 1941 	178.36
Jun 1, 1941 	169.67
May 1, 1941 	167.35
Apr 1, 1941 	172.27
Mar 1, 1941 	179.06
Feb 1, 1941 	179.25
Jan 1, 1941 	191.21
Dec 1, 1940 	190.85
Nov 1, 1940 	200.42
Oct 1, 1940 	195.86
Sep 1, 1940 	194.03
Aug 1, 1940 	186.18
Jul 1, 1940 	182.35
Jun 1, 1940 	175.26
May 1, 1940 	193.12
Apr 1, 1940 	223.97
Mar 1, 1940 	221.78
Feb 1, 1940 	223.06
Jan 1, 1940 	226.13
Dec 1, 1939 	225.79
Nov 1, 1939 	231.27
Oct 1, 1939 	235.47
Sep 1, 1939 	231.44
Aug 1, 1939 	213.70
Jul 1, 1939 	216.85
Jun 1, 1939 	211.66
May 1, 1939 	207.96
Apr 1, 1939 	200.55
Mar 1, 1939 	227.79
Feb 1, 1939 	227.97
Jan 1, 1939 	228.17
Dec 1, 1938 	231.64
Nov 1, 1938 	238.57
Oct 1, 1938 	238.39
Sep 1, 1938 	212.96
Aug 1, 1938 	223.11
Jul 1, 1938 	221.84
Jun 1, 1938 	185.05
May 1, 1938 	180.88
Apr 1, 1938 	177.98
Mar 1, 1938 	186.86
Feb 1, 1938 	200.09
Jan 1, 1938 	203.54
Dec 1, 1937 	195.57
Nov 1, 1937 	197.39
Oct 1, 1937 	214.94
Sep 1, 1937 	251.52
Aug 1, 1937 	295.03
Jul 1, 1937 	292.03
Jun 1, 1937 	277.55
May 1, 1937 	288.38
Apr 1, 1937 	303.98
Mar 1, 1937 	325.55
Feb 1, 1937 	328.23
Jan 1, 1937 	318.80
Dec 1, 1936 	311.40
Nov 1, 1936 	316.88
Oct 1, 1936 	308.30
Sep 1, 1936 	292.97
Aug 1, 1936 	289.68
Jul 1, 1936 	286.07
Jun 1, 1936 	272.03
May 1, 1936 	262.82
Apr 1, 1936 	277.56
Mar 1, 1936 	277.19
Feb 1, 1936 	269.44
Jan 1, 1936 	254.81
Dec 1, 1935 	241.47
Nov 1, 1935 	241.47
Oct 1, 1935 	222.35
Sep 1, 1935 	216.56
Aug 1, 1935 	212.09
Jul 1, 1935 	198.66
Jun 1, 1935 	188.77
May 1, 1935 	180.55
Apr 1, 1935 	167.40
Mar 1, 1935 	156.87
Feb 1, 1935 	167.51
Jan 1, 1935 	174.00
Dec 1, 1934 	176.60
Nov 1, 1934 	174.15
Oct 1, 1934 	169.42
Sep 1, 1934 	166.86
Aug 1, 1934 	173.54
Jul 1, 1934 	180.60
Jun 1, 1934 	189.56
May 1, 1934 	188.49
Apr 1, 1934 	209.82
Mar 1, 1934 	206.36
Feb 1, 1934 	217.50
Jan 1, 1934 	204.05
Dec 1, 1933 	193.02
Nov 1, 1933 	189.34
Oct 1, 1933 	184.89
Sep 1, 1933 	204.83
Aug 1, 1933 	206.57
Jul 1, 1933 	219.07
Jun 1, 1933 	209.07
May 1, 1933 	179.90
Apr 1, 1933 	139.74
Mar 1, 1933 	126.35
Feb 1, 1933 	125.76
Jan 1, 1933 	140.45
Dec 1, 1932 	133.04
Nov 1, 1932 	136.49
Oct 1, 1932 	136.80
Sep 1, 1932 	157.52
Aug 1, 1932 	142.54
Jul 1, 1932 	94.14
Jun 1, 1932 	89.63
May 1, 1932 	102.78
Apr 1, 1932 	115.46
Mar 1, 1932 	150.77
Feb 1, 1932 	149.16
Jan 1, 1932 	148.33
Dec 1, 1931 	147.73
Nov 1, 1931 	180.62
Oct 1, 1931 	175.80
Sep 1, 1931 	201.54
Aug 1, 1931 	235.24
Jul 1, 1931 	242.52
Jun 1, 1931 	234.73
May 1, 1931 	239.35
Apr 1, 1931 	261.48
Mar 1, 1931 	287.16
Feb 1, 1931 	279.96
Jan 1, 1931 	256.83
Dec 1, 1930 	246.18
Nov 1, 1930 	258.98
Oct 1, 1930 	277.54
Sep 1, 1930 	319.90
Aug 1, 1930 	321.99
Jul 1, 1930 	324.21
Jun 1, 1930 	327.34
May 1, 1930 	362.00
Apr 1, 1930 	382.72
Mar 1, 1930 	362.00
Feb 1, 1930 	346.79
Jan 1, 1930 	324.44
Dec 1, 1929 	317.95
Nov 1, 1929 	304.00
Oct 1, 1929 	413.46
Sep 1, 1929 	462.35
Aug 1, 1929 	444.62
Jul 1, 1929 	420.69
Jun 1, 1929 	390.79
May 1, 1929 	385.73
Apr 1, 1929 	382.26
Mar 1, 1929 	382.27
Feb 1, 1929 	373.46
Jan 1, 1929 	371.52
Dec 1, 1928 	345.96
Nov 1, 1928 	342.61
Oct 1, 1928 	320.92
Sep 1, 1928 	312.71
Aug 1, 1928 	295.60
Jul 1, 1928 	286.33
Jun 1, 1928 	284.24
May 1, 1928 	297.15
Apr 1, 1928 	289.92
Mar 1, 1928 	272.73
Feb 1, 1928 	258.84
Jan 1, 1928 	258.95
Dec 1, 1927 	257.91
Nov 1, 1927 	252.00
Oct 1, 1927 	244.97
Sep 1, 1927 	250.23
Aug 1, 1927 	238.16
Jul 1, 1927 	224.82
Jun 1, 1927 	216.20
May 1, 1927 	215.89
Apr 1, 1927 	209.90
Mar 1, 1927 	204.88
Feb 1, 1927 	200.62
Jan 1, 1927 	195.68
Dec 1, 1926 	194.77
Nov 1, 1926 	190.43
Oct 1, 1926 	189.05
Sep 1, 1926 	194.51
Aug 1, 1926 	192.69
Jul 1, 1926 	184.29
Jun 1, 1926 	174.84
May 1, 1926 	165.96
Apr 1, 1926 	163.89
Mar 1, 1926 	169.55
Feb 1, 1926 	180.88
Jan 1, 1926 	180.60
Dec 1, 1925 	177.88
Nov 1, 1925 	174.06
Oct 1, 1925 	171.66
Sep 1, 1925 	166.18
Aug 1, 1925 	162.42
Jul 1, 1925 	160.26
Jun 1, 1925 	157.71
May 1, 1925 	156.73
Apr 1, 1925 	152.73
Mar 1, 1925 	153.48
Feb 1, 1925 	158.53
Jan 1, 1925 	156.28
Dec 1, 1924 	150.08
Nov 1, 1924 	143.23
Oct 1, 1924 	135.65
Sep 1, 1924 	138.24
Aug 1, 1924 	140.40
Jul 1, 1924 	134.95
Jun 1, 1924 	129.73
May 1, 1924 	127.32
Apr 1, 1924 	127.77
Mar 1, 1924 	130.02
Feb 1, 1924 	131.79
Jan 1, 1924 	130.43
Dec 1, 1923 	126.30
Nov 1, 1923 	122.16
Oct 1, 1923 	118.62
Sep 1, 1923 	121.09
Aug 1, 1923 	121.05
Jul 1, 1923 	119.75
Jun 1, 1923 	125.37
May 1, 1923 	131.10
Apr 1, 1923 	137.60
Mar 1, 1923 	143.44
Feb 1, 1923 	141.16
Jan 1, 1923 	135.38
Dec 1, 1922 	132.76
Nov 1, 1922 	133.86
Oct 1, 1922 	141.70
Sep 1, 1922 	139.47
Aug 1, 1922 	135.93
Jul 1, 1922 	129.45
Jun 1, 1922 	129.30
May 1, 1922 	130.53
Apr 1, 1922 	125.63
Mar 1, 1922 	118.44
Feb 1, 1922 	112.80
Jan 1, 1922 	110.38
Dec 1, 1921 	107.98
Nov 1, 1921 	103.69
Oct 1, 1921 	97.84
Sep 1, 1921 	96.52
Aug 1, 1921 	93.12
Jul 1, 1921 	94.28
Jun 1, 1921 	95.10
May 1, 1921 	102.80
Apr 1, 1921 	97.56
Mar 1, 1921 	96.07
Feb 1, 1921 	98.05
Jan 1, 1921 	95.63
Dec 1, 1920 	89.71
Nov 1, 1920 	96.54
Oct 1, 1920 	101.19
Sep 1, 1920 	100.56
Aug 1, 1920 	95.67
Jul 1, 1920 	97.18
Jun 1, 1920 	96.84
May 1, 1920 	99.99
Apr 1, 1920 	108.26
Mar 1, 1920 	112.47
Feb 1, 1920 	106.15
Jan 1, 1920 	116.92
Dec 1, 1919 	120.61
Nov 1, 1919 	126.95
Oct 1, 1919 	133.70
Sep 1, 1919 	129.35
Aug 1, 1919 	128.06
Jul 1, 1919 	139.67
Jun 1, 1919 	139.27
May 1, 1919 	135.64
Apr 1, 1919 	128.39
Mar 1, 1919 	126.53
Feb 1, 1919 	124.30
Jan 1, 1919 	121.58
Dec 1, 1918 	122.35
Nov 1, 1918 	126.36
Oct 1, 1918 	125.54
Sep 1, 1918 	122.73
Aug 1, 1918 	125.78
Jul 1, 1918 	127.10
Jun 1, 1918 	129.51
May 1, 1918 	131.12
Apr 1, 1918 	129.75
Mar 1, 1918 	132.88
Feb 1, 1918 	134.66
Jan 1, 1918 	131.61
Dec 1, 1917 	126.84
Nov 1, 1917 	133.26
Oct 1, 1917 	145.38
Sep 1, 1917 	156.02
Aug 1, 1917 	167.68
Jul 1, 1917 	175.49
Jun 1, 1917 	177.70
May 1, 1917 	176.89
Apr 1, 1917 	185.98
Mar 1, 1917 	198.26
Feb 1, 1917 	192.30
Jan 1, 1917 	209.03
Dec 1, 1916 	215.89
Nov 1, 1916 	226.88
Oct 1, 1916 	225.70
Sep 1, 1916 	222.86
Aug 1, 1916 	218.04
Jul 1, 1916 	218.40
Jun 1, 1916 	221.47
May 1, 1916 	221.40
Apr 1, 1916 	218.66
Mar 1, 1916 	223.18
Feb 1, 1916 	226.06
Jan 1, 1916 	229.26
Dec 1, 1915 	235.20
Nov 1, 1915 	234.71
Oct 1, 1915 	228.99
Sep 1, 1915 	219.11
Aug 1, 1915 	211.27
Jul 1, 1915 	202.67
Jun 1, 1915 	203.43
May 1, 1915 	201.15
Apr 1, 1915 	208.02
Mar 1, 1915 	195.40
Feb 1, 1915 	188.59
Jan 1, 1915 	189.26
Dec 1, 1914 	185.97
Nov 1, 1914 	192.41
Oct 1, 1914 	194.32
Sep 1, 1914 	192.41
Aug 1, 1914 	192.41
Jul 1, 1914 	196.26
Jun 1, 1914 	209.86
May 1, 1914 	210.89
Apr 1, 1914 	211.74
Mar 1, 1914 	214.76
Feb 1, 1914 	218.89
Jan 1, 1914 	213.89
Dec 1, 1913 	205.46
Nov 1, 1913 	203.68
Oct 1, 1913 	211.08
Sep 1, 1913 	217.98
Aug 1, 1913 	218.12
Jul 1, 1913 	212.44
Jun 1, 1913 	211.74
May 1, 1913 	225.25
Apr 1, 1913 	229.21
Mar 1, 1913 	229.47
Feb 1, 1913 	233.90
Jan 1, 1913 	242.51
Dec 1, 1912 	247.12
Nov 1, 1912 	253.72
Oct 1, 1912 	256.59
Sep 1, 1912 	257.11
Aug 1, 1912 	258.45
Jul 1, 1912 	255.02
Jun 1, 1912 	254.75
May 1, 1912 	252.39
Apr 1, 1912 	252.65
Mar 1, 1912 	252.29
Feb 1, 1912 	250.29
Jan 1, 1912 	255.27
Dec 1, 1911 	257.53
Nov 1, 1911 	253.87
Oct 1, 1911 	241.43
Sep 1, 1911 	240.04
Aug 1, 1911 	256.67
Jul 1, 1911 	278.07
Jun 1, 1911 	282.42
May 1, 1911 	276.87
Apr 1, 1911 	271.03
Mar 1, 1911 	263.46
Feb 1, 1911 	269.55
Jan 1, 1911 	256.66
Dec 1, 1910 	250.56
Nov 1, 1910 	257.76
Oct 1, 1910 	252.84
Sep 1, 1910 	234.74
Aug 1, 1910 	230.78
Jul 1, 1910 	223.02
Jun 1, 1910 	234.90
May 1, 1910 	244.55
Apr 1, 1910 	244.00
Mar 1, 1910 	252.26
Feb 1, 1910 	250.90
Jan 1, 1910 	260.19
Dec 1, 1909 	263.48
Nov 1, 1909 	262.78
Oct 1, 1909 	266.76
Sep 1, 1909 	270.97
Aug 1, 1909 	273.55
Jul 1, 1909 	269.65
Jun 1, 1909 	265.86
May 1, 1909 	264.05
Apr 1, 1909 	258.04
Mar 1, 1909 	252.16
Feb 1, 1909 	248.76
Jan 1, 1909 	258.98
Dec 1, 1908 	255.27
Nov 1, 1908 	252.40
Oct 1, 1908 	238.80
Sep 1, 1908 	238.61
Aug 1, 1908 	241.24
Jul 1, 1908 	231.31
Jun 1, 1908 	225.45
May 1, 1908 	225.15
Apr 1, 1908 	213.65
Mar 1, 1908 	205.10
Feb 1, 1908 	197.03
Jan 1, 1908 	202.14
Dec 1, 1907 	191.88
Nov 1, 1907 	178.65
Oct 1, 1907 	182.06
Sep 1, 1907 	206.27
Aug 1, 1907 	208.48
Jul 1, 1907 	225.37
Jun 1, 1907 	217.06
May 1, 1907 	226.72
Apr 1, 1907 	239.83
Mar 1, 1907 	238.68
Feb 1, 1907 	261.77
Jan 1, 1907 	276.05
Dec 1, 1906 	281.27
Nov 1, 1906 	286.73
Oct 1, 1906 	284.17
Sep 1, 1906 	299.43
Aug 1, 1906 	293.56
Jul 1, 1906 	279.62
Jun 1, 1906 	277.64
May 1, 1906 	274.06
Apr 1, 1906 	284.51
Mar 1, 1906 	288.43
Feb 1, 1906 	295.68
Jan 1, 1906 	297.79
Dec 1, 1905 	287.83
Nov 1, 1905 	284.25
Oct 1, 1905 	288.88
Sep 1, 1905 	284.87
Aug 1, 1905 	280.89
Jul 1, 1905 	273.76
Jun 1, 1905 	265.42
May 1, 1905 	262.34
Apr 1, 1905 	272.95
Mar 1, 1905 	276.31
Feb 1, 1905 	265.50
Jan 1, 1905 	254.34
Dec 1, 1904 	248.91
Nov 1, 1904 	246.50
Oct 1, 1904 	239.19
Sep 1, 1904 	225.92
Aug 1, 1904 	219.00
Jul 1, 1904 	214.17
Jun 1, 1904 	205.64
May 1, 1904 	205.32
Apr 1, 1904 	204.93
Mar 1, 1904 	197.84
Feb 1, 1904 	196.11
Jan 1, 1904 	206.17
Dec 1, 1903 	207.53
Nov 1, 1903 	198.37
Oct 1, 1903 	195.57
Sep 1, 1903 	199.69
Aug 1, 1903 	207.13
Jul 1, 1903 	214.00
Jun 1, 1903 	224.31
May 1, 1903 	237.43
Apr 1, 1903 	236.62
Mar 1, 1903 	246.69
Feb 1, 1903 	248.17
Jan 1, 1903 	249.65
Dec 1, 1902 	240.32
Nov 1, 1902 	248.61
Oct 1, 1902 	250.29
Sep 1, 1902 	276.48
Aug 1, 1902 	278.92
Jul 1, 1902 	268.67
Jun 1, 1902 	262.73
May 1, 1902 	267.24
Apr 1, 1902 	271.22
Mar 1, 1902 	265.25
Feb 1, 1902 	264.93
Jan 1, 1902 	262.66
Dec 1, 1901 	254.27
Nov 1, 1901 	261.37
Oct 1, 1901 	259.15
Sep 1, 1901 	262.10
Aug 1, 1901 	266.49
Jul 1, 1901 	266.29
Jun 1, 1901 	288.85
May 1, 1901 	262.68
Apr 1, 1901 	276.62
Mar 1, 1901 	252.19
Feb 1, 1901 	243.46
Jan 1, 1901 	234.34
Dec 1, 1900 	230.70
Nov 1, 1900 	214.78
Oct 1, 1900 	199.20
Sep 1, 1900 	190.02
Aug 1, 1900 	196.88
Jul 1, 1900 	191.99
Jun 1, 1900 	194.23
May 1, 1900 	197.89
Apr 1, 1900 	202.78
Mar 1, 1900 	200.22
Feb 1, 1900 	198.62
Jan 1, 1900 	197.32
Dec 1, 1899 	194.73
Nov 1, 1899 	211.65
Oct 1, 1899 	210.14
Sep 1, 1899 	213.91
Aug 1, 1899 	224.52
Jul 1, 1899 	221.97
Jun 1, 1899 	217.25
May 1, 1899 	225.42
Apr 1, 1899 	235.22
Mar 1, 1899 	235.32
Feb 1, 1899 	232.02
Jan 1, 1899 	229.84
Dec 1, 1898 	213.59
Nov 1, 1898 	204.13
Oct 1, 1898 	197.61
Sep 1, 1898 	201.83
Aug 1, 1898 	202.21
Jul 1, 1898 	194.92
Jun 1, 1898 	191.28
May 1, 1898 	172.13
Apr 1, 1898 	172.76
Mar 1, 1898 	175.78
Feb 1, 1898 	184.10
Jan 1, 1898 	187.25
Dec 1, 1897 	182.26
Nov 1, 1897 	178.42
Oct 1, 1897 	184.95
Sep 1, 1897 	188.26
Aug 1, 1897 	184.76
Jul 1, 1897 	181.49
Jun 1, 1897 	173.76
May 1, 1897 	166.02
Apr 1, 1897 	162.88
Mar 1, 1897 	165.49
Feb 1, 1897 	165.10
Jan 1, 1897 	166.68
Dec 1, 1896 	161.92
Nov 1, 1896 	168.06
Oct 1, 1896 	161.94
Sep 1, 1896 	163.18
Aug 1, 1896 	155.04
Jul 1, 1896 	164.40
Jun 1, 1896 	175.79
May 1, 1896 	176.52
Apr 1, 1896 	174.58
Mar 1, 1896 	170.37
Feb 1, 1896 	173.09
Jan 1, 1896 	163.84
Dec 1, 1895 	163.31
Nov 1, 1895 	171.24
Oct 1, 1895 	177.20
Sep 1, 1895 	179.82
Aug 1, 1895 	178.70
Jul 1, 1895 	173.55
Jun 1, 1895 	170.61
May 1, 1895 	169.51
Apr 1, 1895 	163.03
Mar 1, 1895 	162.98
Feb 1, 1895 	162.98
Jan 1, 1895 	165.31
Dec 1, 1894 	167.25
Nov 1, 1894 	166.53
Oct 1, 1894 	166.53
Sep 1, 1894 	167.13
Aug 1, 1894 	166.71
Jul 1, 1894 	165.31
Jun 1, 1894 	168.81
May 1, 1894 	171.14
Apr 1, 1894 	177.76
Mar 1, 1894 	175.42
Feb 1, 1894 	165.58
Jan 1, 1894 	161.16
Dec 1, 1893 	160.08
Nov 1, 1893 	163.57
Oct 1, 1893 	156.88
Sep 1, 1893 	154.46
Aug 1, 1893 	150.02
Jul 1, 1893 	147.74
Jun 1, 1893 	158.77
May 1, 1893 	162.53
Apr 1, 1893 	176.00
Mar 1, 1893 	173.97
Feb 1, 1893 	176.23
Jan 1, 1893 	181.47
Dec 1, 1892 	185.03
Nov 1, 1892 	189.28
Oct 1, 1892 	194.89
Sep 1, 1892 	191.05
Aug 1, 1892 	195.93
Jul 1, 1892 	195.81
Jun 1, 1892 	201.10
May 1, 1892 	202.19
Apr 1, 1892 	202.19
Mar 1, 1892 	199.71
Feb 1, 1892 	192.45
Jan 1, 1892 	192.10
Dec 1, 1891 	183.85
Nov 1, 1891 	178.41
Oct 1, 1891 	178.98
Sep 1, 1891 	178.98
Aug 1, 1891 	163.40
Jul 1, 1891 	158.10
Jun 1, 1891 	158.90
May 1, 1891 	158.32
Apr 1, 1891 	156.99
Mar 1, 1891 	153.84
Feb 1, 1891 	158.50
Jan 1, 1891 	158.57
Dec 1, 1890 	148.80
Nov 1, 1890 	152.36
Oct 1, 1890 	160.47
Sep 1, 1890 	168.05
Aug 1, 1890 	173.03
Jul 1, 1890 	183.62
Jun 1, 1890 	184.95
May 1, 1890 	186.27
Apr 1, 1890 	181.00
Mar 1, 1890 	177.31
Feb 1, 1890 	178.65
Jan 1, 1890 	180.66
Dec 1, 1889 	174.30
Nov 1, 1889 	177.33
Oct 1, 1889 	178.98
Sep 1, 1889 	182.30
Aug 1, 1889 	180.33
Jul 1, 1889 	177.98
Jun 1, 1889 	181.67
May 1, 1889 	178.65
Apr 1, 1889 	169.71
Mar 1, 1889 	170.04
Feb 1, 1889 	171.44
Jan 1, 1889 	167.59
Dec 1, 1888 	158.64
Nov 1, 1888 	161.72
Oct 1, 1888 	167.14
Sep 1, 1888 	169.94
Aug 1, 1888 	165.84
Jul 1, 1888 	162.36
Jun 1, 1888 	160.24
May 1, 1888 	163.31
Apr 1, 1888 	159.33
Mar 1, 1888 	156.79
Feb 1, 1888 	162.96
Jan 1, 1888 	162.12
Dec 1, 1887 	162.65
Nov 1, 1887 	167.42
Oct 1, 1887 	166.31
Sep 1, 1887 	174.03
Aug 1, 1887 	174.31
Jul 1, 1887 	180.82
Jun 1, 1887 	183.27
May 1, 1887 	186.37
Apr 1, 1887 	183.21
Mar 1, 1887 	179.10
Feb 1, 1887 	175.00
Jan 1, 1887 	178.47
Dec 1, 1886 	184.78
Nov 1, 1886 	191.91
Oct 1, 1886 	187.27
Sep 1, 1886 	182.63
Aug 1, 1886 	177.99
Jul 1, 1886 	178.98
Jun 1, 1886 	178.41
May 1, 1886 	168.57
Apr 1, 1886 	167.74
Mar 1, 1886 	167.89
Feb 1, 1886 	169.51
Jan 1, 1886 	166.31
Dec 1, 1885 	162.45
Nov 1, 1885 	167.59
Oct 1, 1885 	159.15
Sep 1, 1885 	150.42
Aug 1, 1885 	150.64
Jul 1, 1885 	142.65
Jun 1, 1885 	139.10
May 1, 1885 	136.46
Apr 1, 1885 	134.87
Mar 1, 1885 	136.83
Feb 1, 1885 	133.42
Jan 1, 1885 	130.86
Dec 1, 1884 	133.95
Nov 1, 1884 	132.81
Oct 1, 1884 	132.55
Sep 1, 1884 	135.45
Aug 1, 1884 	138.43
Jul 1, 1884 	130.26
Jun 1, 1884 	128.78
May 1, 1884 	134.27
Apr 1, 1884 	143.04
Mar 1, 1884 	146.74
Feb 1, 1884 	147.29
Jan 1, 1884 	143.42
Dec 1, 1883 	147.85
Nov 1, 1883 	152.82
Oct 1, 1883 	148.95
Sep 1, 1883 	153.11
Aug 1, 1883 	149.98
Jul 1, 1883 	157.11
Jun 1, 1883 	156.39
May 1, 1883 	150.46
Apr 1, 1883 	151.52
Mar 1, 1883 	147.09
Feb 1, 1883 	143.86
Jan 1, 1883 	148.62
Dec 1, 1882 	149.39
Nov 1, 1882 	147.15
Oct 1, 1882 	152.37
Sep 1, 1882 	155.12
Aug 1, 1882 	149.55
Jul 1, 1882 	146.45
Jun 1, 1882 	137.45
May 1, 1882 	139.37
Apr 1, 1882 	142.44
Mar 1, 1882 	143.68
Feb 1, 1882 	143.93
Jan 1, 1882 	148.61
Dec 1, 1881 	150.87
Nov 1, 1881 	155.39
Oct 1, 1881 	152.88
Sep 1, 1881 	156.89
Aug 1, 1881 	161.67
Jul 1, 1881 	168.86
Jun 1, 1881 	176.81
May 1, 1881 	174.66
Apr 1, 1881 	165.40
Mar 1, 1881 	167.68
Feb 1, 1881 	165.80
Jan 1, 1881 	167.92
Dec 1, 1880 	156.93
Nov 1, 1880 	152.19
Oct 1, 1880 	146.14
Sep 1, 1880 	142.03
Aug 1, 1880 	143.69
Jul 1, 1880 	138.71
Jun 1, 1880 	132.62
May 1, 1880 	129.40
Apr 1, 1880 	136.47
Mar 1, 1880 	134.23
Feb 1, 1880 	133.02
Jan 1, 1880 	130.72
Dec 1, 1879 	129.62
Nov 1, 1879 	133.74
Oct 1, 1879 	133.78
Sep 1, 1879 	127.32
Aug 1, 1879 	127.15
Jul 1, 1879 	126.21
Jun 1, 1879 	125.09
May 1, 1879 	123.09
Apr 1, 1879 	117.78
Mar 1, 1879 	112.65
Feb 1, 1879 	113.27
Jan 1, 1879 	110.49
Dec 1, 1878 	107.78
Nov 1, 1878 	105.94
Oct 1, 1878 	104.99
Sep 1, 1878 	105.09
Aug 1, 1878 	103.00
Jul 1, 1878 	104.99
Jun 1, 1878 	104.11
May 1, 1878 	99.71
Apr 1, 1878 	96.16
Mar 1, 1878 	92.61
Feb 1, 1878 	89.01
Jan 1, 1878 	89.98
Dec 1, 1877 	87.33
Nov 1, 1877 	87.60
Oct 1, 1877 	87.20
Sep 1, 1877 	85.36
Aug 1, 1877 	79.53
Jul 1, 1877 	71.54
Jun 1, 1877 	69.14
May 1, 1877 	70.48
Apr 1, 1877 	71.76
Mar 1, 1877 	79.58
Feb 1, 1877 	80.07
Jan 1, 1877 	82.92
Dec 1, 1876 	85.10
Nov 1, 1876 	87.12
Oct 1, 1876 	89.58
Sep 1, 1876 	91.73
Aug 1, 1876 	98.65
Jul 1, 1876 	103.84
Jun 1, 1876 	105.11
May 1, 1876 	103.01
Apr 1, 1876 	103.17
Mar 1, 1876 	106.22
Feb 1, 1876 	106.46
Jan 1, 1876 	105.05
Dec 1, 1875 	102.08
Nov 1, 1875 	101.15
Oct 1, 1875 	98.73
Sep 1, 1875 	100.34
Aug 1, 1875 	100.35
Jul 1, 1875 	100.80
Jun 1, 1875 	100.57
May 1, 1875 	100.91
Apr 1, 1875 	102.35
Mar 1, 1875 	101.91
Feb 1, 1875 	100.58
Jan 1, 1875 	100.80
Dec 1, 1874 	100.80
Nov 1, 1874 	101.46
Oct 1, 1874 	99.71
Sep 1, 1874 	98.32
Aug 1, 1874 	96.81
Jul 1, 1874 	95.86
Jun 1, 1874 	96.59
May 1, 1874 	94.77
Apr 1, 1874 	96.51
Mar 1, 1874 	97.72
Feb 1, 1874 	99.16
Jan 1, 1874 	96.27
Dec 1, 1873 	92.74
Nov 1, 1873 	86.83
Oct 1, 1873 	87.27
Sep 1, 1873 	93.39
Aug 1, 1873 	101.12
Jul 1, 1873 	101.12
Jun 1, 1873 	101.32
May 1, 1873 	99.73
Apr 1, 1873 	97.35
Mar 1, 1873 	98.70
Feb 1, 1873 	99.48
Jan 1, 1873 	100.92
Dec 1, 1872 	100.13
Nov 1, 1872 	96.34
Oct 1, 1872 	99.61
Sep 1, 1872 	97.08
Aug 1, 1872 	99.53
Jul 1, 1872 	101.50
Jun 1, 1872 	100.61
May 1, 1872 	100.82
Apr 1, 1872 	100.82
Mar 1, 1872 	100.31
Feb 1, 1872 	98.58
Jan 1, 1872 	98.18
Dec 1, 1871 	95.75
Nov 1, 1871 	95.86
Oct 1, 1871 	94.82
Sep 1, 1871 	101.55
Aug 1, 1871 	102.95
Jul 1, 1871 	100.06
Jun 1, 1871 	101.97
May 1, 1871 	101.22
Apr 1, 1871 	96.44
Mar 1, 1871 	90.41
Feb 1, 1871 	89.56
Jan 1, 1871 	91.06
